order_id,order_date,region,plan,amount_eur,seats
ORD-000000,2024-01-01,APAC,free,789.7,38
ORD-000001,2024-01-02,APAC,enterprise,711.73,38
ORD-000002,2024-01-03,APAC,enterprise,710.84,37
ORD-000003,2024-01-04,AMER,free,293.82,14
ORD-000004,2024-01-05,APAC,enterprise,316.9,24
ORD-000005,2024-01-06,APAC,enterprise,512.01,15
ORD-000006,2024-01-07,AMER,pro,600.38,9
ORD-000007,2024-01-08,AMER,free,388.53,39
ORD-000008,2024-01-09,EMEA,free,488.01,18
ORD-000009,2024-01-10,EMEA,enterprise,639.24,24
ORD-000010,2024-01-11,AMER,pro,239.09,33
ORD-000011,2024-01-12,AMER,pro,498.76,19
ORD-000012,2024-01-13,APAC,enterprise,48.02,17
ORD-000013,2024-01-14,APAC,pro,663.38,14
ORD-000014,2024-01-15,AMER,pro,778.69,20
ORD-000015,2024-01-16,APAC,pro,95.85,24
ORD-000016,2024-01-17,AMER,enterprise,202.49,15
ORD-000017,2024-01-18,APAC,enterprise,666.85,17
ORD-000018,2024-01-19,AMER,pro,630.28,18
ORD-000019,2024-01-20,AMER,free,320.75,27
ORD-000020,2024-01-21,EMEA,pro,866.54,34
ORD-000021,2024-01-22,AMER,pro,727.88,15
ORD-000022,2024-01-23,APAC,pro,435.56,12
ORD-000023,2024-01-24,APAC,free,344.95,18
ORD-000024,2024-01-25,APAC,free,646.61,22
ORD-000025,2024-01-26,APAC,pro,273.94,10
ORD-000026,2024-01-27,APAC,free,877.29,12
ORD-000027,2024-01-28,AMER,free,329.96,4
ORD-000028,2024-01-29,AMER,free,311.72,12
ORD-000029,2024-01-30,EMEA,pro,393.15,10
ORD-000030,2024-01-31,APAC,enterprise,125.02,18
ORD-000031,2024-02-01,APAC,enterprise,369.78,39
ORD-000032,2024-02-02,APAC,free,364.92,12
ORD-000033,2024-02-03,APAC,free,667.46,8
ORD-000034,2024-02-04,APAC,pro,131.53,3
ORD-000035,2024-02-05,AMER,enterprise,185.81,2
ORD-000036,2024-02-06,AMER,enterprise,523.99,15
ORD-000037,2024-02-07,APAC,free,196.17,16
ORD-000038,2024-02-08,EMEA,pro,535.68,37
ORD-000039,2024-02-09,APAC,free,52.03,21
ORD-000040,2024-02-10,AMER,enterprise,768.36,6
ORD-000041,2024-02-11,AMER,pro,127.66,14
ORD-000042,2024-02-12,APAC,pro,893.99,24
ORD-000043,2024-02-13,EMEA,free,122.08,26
ORD-000044,2024-02-14,EMEA,enterprise,773.79,16
ORD-000045,2024-02-15,APAC,enterprise,231.7,3
ORD-000046,2024-02-16,AMER,enterprise,733.2,18
ORD-000047,2024-02-17,APAC,enterprise,441.65,1
ORD-000048,2024-02-18,EMEA,enterprise,354.68,15
ORD-000049,2024-02-19,AMER,enterprise,174.17,39
ORD-000050,2024-02-20,APAC,enterprise,861.5,11
ORD-000051,2024-02-21,EMEA,pro,687.7,29
ORD-000052,2024-02-22,EMEA,pro,426.43,14
ORD-000053,2024-02-23,AMER,free,79.38,6
ORD-000054,2024-02-24,EMEA,pro,24.23,27
ORD-000055,2024-02-25,AMER,pro,274.57,23
ORD-000056,2024-02-26,AMER,pro,884.01,11
ORD-000057,2024-02-27,EMEA,enterprise,484.54,8
ORD-000058,2024-02-28,APAC,pro,777.85,14
ORD-000059,2024-02-29,EMEA,pro,334.84,22
ORD-000060,2024-03-01,AMER,enterprise,512.15,18
ORD-000061,2024-03-02,APAC,free,563.96,24
ORD-000062,2024-03-03,EMEA,pro,597.72,35
ORD-000063,2024-03-04,AMER,pro,141.05,8
ORD-000064,2024-03-05,APAC,free,387.32,24
ORD-000065,2024-03-06,EMEA,pro,23.23,13
ORD-000066,2024-03-07,AMER,enterprise,412.77,26
ORD-000067,2024-03-08,APAC,free,171.63,30
ORD-000068,2024-03-09,EMEA,pro,737.26,4
ORD-000069,2024-03-10,EMEA,pro,213.35,21
ORD-000070,2024-03-11,AMER,pro,614.61,32
ORD-000071,2024-03-12,AMER,pro,724.75,35
ORD-000072,2024-03-13,EMEA,free,587.81,12
ORD-000073,2024-03-14,APAC,enterprise,461.55,40
ORD-000074,2024-03-15,EMEA,enterprise,468.39,21
ORD-000075,2024-03-16,APAC,enterprise,490.1,31
ORD-000076,2024-03-17,AMER,enterprise,117.92,18
ORD-000077,2024-03-18,APAC,pro,617.19,35
ORD-000078,2024-03-19,AMER,enterprise,753.46,29
ORD-000079,2024-03-20,AMER,pro,518.68,24
ORD-000080,2024-03-21,APAC,pro,503.85,11
ORD-000081,2024-03-22,EMEA,enterprise,843.22,6
ORD-000082,2024-03-23,AMER,enterprise,49.21,33
ORD-000083,2024-03-24,AMER,free,255.47,5
ORD-000084,2024-03-25,EMEA,enterprise,40.56,40
ORD-000085,2024-03-26,EMEA,pro,96.5,30
ORD-000086,2024-03-27,AMER,free,778.94,13
ORD-000087,2024-03-28,APAC,enterprise,318.16,2
ORD-000088,2024-03-29,EMEA,pro,347.99,5
ORD-000089,2024-03-30,EMEA,enterprise,653.18,4
ORD-000090,2024-03-31,EMEA,enterprise,277.47,18
ORD-000091,2024-04-01,APAC,enterprise,816.74,14
ORD-000092,2024-04-02,APAC,enterprise,720.31,18
ORD-000093,2024-04-03,AMER,free,733.41,19
ORD-000094,2024-04-04,EMEA,pro,100.51,36
ORD-000095,2024-04-05,APAC,enterprise,548.59,10
ORD-000096,2024-04-06,APAC,enterprise,497.67,25
ORD-000097,2024-04-07,APAC,free,846.67,15
ORD-000098,2024-04-08,APAC,pro,675.47,33
ORD-000099,2024-04-09,EMEA,free,631.63,26
ORD-000100,2024-04-10,EMEA,free,103.58,29
ORD-000101,2024-04-11,APAC,pro,468.67,33
ORD-000102,2024-04-12,APAC,free,569.29,23
ORD-000103,2024-04-13,APAC,free,160.76,32
ORD-000104,2024-04-14,AMER,enterprise,841.37,11
ORD-000105,2024-04-15,AMER,free,394.06,12
ORD-000106,2024-04-16,APAC,enterprise,204.46,13
ORD-000107,2024-04-17,AMER,enterprise,238.89,37
ORD-000108,2024-04-18,EMEA,pro,262.85,8
ORD-000109,2024-04-19,APAC,pro,351.65,38
ORD-000110,2024-04-20,EMEA,pro,404.89,1
ORD-000111,2024-04-21,APAC,pro,717.95,9
ORD-000112,2024-04-22,AMER,enterprise,549.33,9
ORD-000113,2024-04-23,AMER,free,277.01,7
ORD-000114,2024-04-24,AMER,pro,737.36,28
ORD-000115,2024-04-25,AMER,enterprise,858.46,13
ORD-000116,2024-04-26,EMEA,free,382.51,33
ORD-000117,2024-04-27,EMEA,pro,214.65,28
ORD-000118,2024-04-28,APAC,pro,151.04,12
ORD-000119,2024-04-29,AMER,enterprise,759.89,11
ORD-000120,2024-04-30,APAC,enterprise,493.19,29
ORD-000121,2024-05-01,AMER,enterprise,447.81,7
ORD-000122,2024-05-02,EMEA,free,410.99,37
ORD-000123,2024-05-03,EMEA,enterprise,403.1,20
ORD-000124,2024-05-04,AMER,enterprise,543.15,37
ORD-000125,2024-05-05,EMEA,enterprise,325.15,7
ORD-000126,2024-05-06,APAC,free,883.2,11
ORD-000127,2024-05-07,AMER,pro,154.98,36
ORD-000128,2024-05-08,AMER,free,72.72,37
ORD-000129,2024-05-09,EMEA,free,238.6,6
ORD-000130,2024-05-10,APAC,pro,753.5,17
ORD-000131,2024-05-11,APAC,free,240.32,20
ORD-000132,2024-05-12,APAC,free,346.96,27
ORD-000133,2024-05-13,EMEA,free,779.75,8
ORD-000134,2024-05-14,APAC,enterprise,115.16,32
ORD-000135,2024-05-15,EMEA,free,203.93,3
ORD-000136,2024-05-16,APAC,pro,382.34,35
ORD-000137,2024-05-17,APAC,free,294.97,5
ORD-000138,2024-05-18,AMER,enterprise,678.3,28
ORD-000139,2024-05-19,AMER,enterprise,751.12,31
ORD-000140,2024-05-20,APAC,free,748.6,27
ORD-000141,2024-05-21,EMEA,enterprise,63.21,14
ORD-000142,2024-05-22,APAC,enterprise,814.14,36
ORD-000143,2024-05-23,AMER,free,90.27,24
ORD-000144,2024-05-24,APAC,free,31.69,32
ORD-000145,2024-05-25,AMER,free,761.91,31
ORD-000146,2024-05-26,EMEA,pro,401.95,14
ORD-000147,2024-05-27,EMEA,enterprise,365.91,1
ORD-000148,2024-05-28,AMER,pro,39.27,29
ORD-000149,2024-05-29,AMER,pro,477.47,15
ORD-000150,2024-05-30,APAC,free,132.79,6
ORD-000151,2024-05-31,APAC,free,715.78,20
ORD-000152,2024-06-01,AMER,enterprise,731.15,8
ORD-000153,2024-06-02,EMEA,enterprise,585.3,20
ORD-000154,2024-06-03,EMEA,enterprise,826.61,12
ORD-000155,2024-06-04,AMER,pro,580.28,27
ORD-000156,2024-06-05,EMEA,free,480.04,20
ORD-000157,2024-06-06,APAC,pro,357.12,28
ORD-000158,2024-06-07,EMEA,pro,872.55,21
ORD-000159,2024-06-08,APAC,enterprise,646.58,25
ORD-000160,2024-06-09,APAC,enterprise,684.68,18
ORD-000161,2024-06-10,EMEA,enterprise,57.13,29
ORD-000162,2024-06-11,APAC,free,155.01,25
ORD-000163,2024-06-12,AMER,pro,338.03,39
ORD-000164,2024-06-13,AMER,free,394.33,18
ORD-000165,2024-06-14,EMEA,free,513.55,27
ORD-000166,2024-06-15,EMEA,free,560.22,20
ORD-000167,2024-06-16,AMER,pro,645.1,5
ORD-000168,2024-06-17,EMEA,free,376.47,33
ORD-000169,2024-06-18,AMER,free,733.34,24
ORD-000170,2024-06-19,EMEA,pro,98.07,2
ORD-000171,2024-06-20,EMEA,enterprise,215.76,6
ORD-000172,2024-06-21,EMEA,enterprise,191.14,34
ORD-000173,2024-06-22,EMEA,free,274.86,27
ORD-000174,2024-06-23,APAC,pro,535.66,21
ORD-000175,2024-06-24,EMEA,enterprise,673.13,7
ORD-000176,2024-06-25,AMER,enterprise,379.24,39
ORD-000177,2024-06-26,EMEA,free,108.38,5
ORD-000178,2024-06-27,AMER,enterprise,209.07,18
ORD-000179,2024-06-28,AMER,pro,274.67,37
ORD-000180,2024-06-29,APAC,free,267.84,38
ORD-000181,2024-06-30,APAC,pro,504.39,33
ORD-000182,2024-07-01,EMEA,free,725.04,32
ORD-000183,2024-07-02,APAC,free,344.5,21
ORD-000184,2024-07-03,AMER,enterprise,276.31,20
ORD-000185,2024-07-04,APAC,free,382.77,33
ORD-000186,2024-07-05,APAC,enterprise,883.33,16
ORD-000187,2024-07-06,APAC,pro,246.32,40
ORD-000188,2024-07-07,EMEA,free,897.81,9
ORD-000189,2024-07-08,AMER,free,89.98,12
ORD-000190,2024-07-09,APAC,pro,627.07,13
ORD-000191,2024-07-10,APAC,pro,173.12,7
ORD-000192,2024-07-11,APAC,enterprise,724.94,12
ORD-000193,2024-07-12,APAC,enterprise,591.52,27
ORD-000194,2024-07-13,EMEA,free,863.1,26
ORD-000195,2024-07-14,APAC,enterprise,393.85,24
ORD-000196,2024-07-15,AMER,enterprise,514.35,19
ORD-000197,2024-07-16,APAC,enterprise,521.19,33
ORD-000198,2024-07-17,APAC,free,363.66,10
ORD-000199,2024-07-18,AMER,pro,893.46,30
ORD-000200,2024-07-19,EMEA,free,231.78,5
ORD-000201,2024-07-20,AMER,enterprise,845.95,24
ORD-000202,2024-07-21,APAC,pro,438.27,20
ORD-000203,2024-07-22,AMER,pro,885.82,12
ORD-000204,2024-07-23,AMER,enterprise,175.56,6
ORD-000205,2024-07-24,EMEA,enterprise,486.48,31
ORD-000206,2024-07-25,APAC,free,481.66,10
ORD-000207,2024-07-26,AMER,enterprise,216.81,22
ORD-000208,2024-07-27,APAC,pro,92.28,14
ORD-000209,2024-07-28,APAC,free,855.26,15
ORD-000210,2024-07-29,APAC,pro,31.12,25
ORD-000211,2024-07-30,EMEA,free,865.12,15
ORD-000212,2024-07-31,APAC,pro,231.64,38
ORD-000213,2024-08-01,EMEA,pro,644.6,38
ORD-000214,2024-08-02,AMER,enterprise,99.43,29
ORD-000215,2024-08-03,APAC,free,873.68,24
ORD-000216,2024-08-04,AMER,free,800.29,8
ORD-000217,2024-08-05,AMER,free,573.23,38
ORD-000218,2024-08-06,AMER,pro,503.81,26
ORD-000219,2024-08-07,EMEA,enterprise,427.3,23
ORD-000220,2024-08-08,APAC,free,188.33,37
ORD-000221,2024-08-09,AMER,enterprise,315.55,28
ORD-000222,2024-08-10,EMEA,pro,518.74,21
ORD-000223,2024-08-11,EMEA,enterprise,346.57,7
ORD-000224,2024-08-12,EMEA,pro,243.69,17
ORD-000225,2024-08-13,AMER,pro,844.84,34
ORD-000226,2024-08-14,APAC,pro,426.38,37
ORD-000227,2024-08-15,APAC,free,626.03,12
ORD-000228,2024-08-16,EMEA,free,673.75,9
ORD-000229,2024-08-17,EMEA,free,204.0,22
ORD-000230,2024-08-18,EMEA,pro,897.1,29
ORD-000231,2024-08-19,APAC,free,575.91,12
ORD-000232,2024-08-20,EMEA,free,412.5,5
ORD-000233,2024-08-21,APAC,free,35.69,31
ORD-000234,2024-08-22,AMER,pro,463.68,6
ORD-000235,2024-08-23,APAC,free,767.8,4
ORD-000236,2024-08-24,AMER,pro,229.27,20
ORD-000237,2024-08-25,AMER,pro,385.85,4
ORD-000238,2024-08-26,AMER,enterprise,28.21,3
ORD-000239,2024-08-27,AMER,pro,198.26,22
ORD-000240,2024-08-28,EMEA,free,102.52,4
ORD-000241,2024-08-29,APAC,pro,633.99,24
ORD-000242,2024-08-30,EMEA,enterprise,353.09,21
ORD-000243,2024-08-31,EMEA,pro,572.7,27
ORD-000244,2024-09-01,AMER,free,459.73,34
ORD-000245,2024-09-02,APAC,free,452.94,26
ORD-000246,2024-09-03,AMER,free,458.27,28
ORD-000247,2024-09-04,AMER,enterprise,41.9,39
ORD-000248,2024-09-05,APAC,pro,60.27,27
ORD-000249,2024-09-06,AMER,enterprise,263.37,1
ORD-000250,2024-09-07,APAC,free,329.2,30
ORD-000251,2024-09-08,APAC,free,280.45,39
ORD-000252,2024-09-09,AMER,free,312.0,35
ORD-000253,2024-09-10,EMEA,enterprise,371.57,37
ORD-000254,2024-09-11,AMER,free,398.8,36
ORD-000255,2024-09-12,AMER,enterprise,530.65,10
ORD-000256,2024-09-13,AMER,enterprise,440.65,35
ORD-000257,2024-09-14,EMEA,enterprise,274.77,1
ORD-000258,2024-09-15,EMEA,pro,644.54,4
ORD-000259,2024-09-16,EMEA,free,821.12,11
ORD-000260,2024-09-17,APAC,free,664.82,15
ORD-000261,2024-09-18,AMER,enterprise,651.84,39
ORD-000262,2024-09-19,APAC,enterprise,536.3,7
ORD-000263,2024-09-20,EMEA,pro,474.1,25
ORD-000264,2024-09-21,APAC,free,727.0,12
ORD-000265,2024-09-22,AMER,pro,843.24,2
ORD-000266,2024-09-23,AMER,pro,720.56,4
ORD-000267,2024-09-24,EMEA,free,757.73,1
ORD-000268,2024-09-25,APAC,enterprise,619.79,5
ORD-000269,2024-09-26,APAC,pro,82.57,25
ORD-000270,2024-09-27,EMEA,pro,496.77,3
ORD-000271,2024-09-28,AMER,free,770.84,30
ORD-000272,2024-09-29,AMER,free,448.73,8
ORD-000273,2024-09-30,EMEA,free,733.13,15
ORD-000274,2024-10-01,EMEA,free,783.26,17
ORD-000275,2024-10-02,EMEA,free,700.38,34
ORD-000276,2024-10-03,APAC,free,830.46,21
ORD-000277,2024-10-04,AMER,enterprise,365.47,10
ORD-000278,2024-10-05,AMER,enterprise,414.25,17
ORD-000279,2024-10-06,AMER,enterprise,181.44,40
ORD-000280,2024-10-07,APAC,free,233.21,2
ORD-000281,2024-10-08,AMER,free,197.49,20
ORD-000282,2024-10-09,EMEA,pro,304.27,19
ORD-000283,2024-10-10,AMER,pro,729.62,35
ORD-000284,2024-10-11,EMEA,pro,113.73,23
ORD-000285,2024-10-12,APAC,free,162.44,5
ORD-000286,2024-10-13,EMEA,free,819.82,26
ORD-000287,2024-10-14,EMEA,free,237.23,4
ORD-000288,2024-10-15,APAC,enterprise,415.64,2
ORD-000289,2024-10-16,APAC,pro,196.99,38
ORD-000290,2024-10-17,APAC,enterprise,325.19,30
ORD-000291,2024-10-18,AMER,pro,635.47,9
ORD-000292,2024-10-19,APAC,free,277.79,19
ORD-000293,2024-10-20,APAC,enterprise,123.19,28
ORD-000294,2024-10-21,APAC,pro,268.52,31
ORD-000295,2024-10-22,APAC,pro,567.81,6
ORD-000296,2024-10-23,EMEA,pro,75.13,29
ORD-000297,2024-10-24,APAC,pro,455.16,26
ORD-000298,2024-10-25,EMEA,free,461.74,11
ORD-000299,2024-10-26,AMER,pro,187.92,1
ORD-000300,2024-10-27,APAC,pro,755.53,22
ORD-000301,2024-10-28,APAC,enterprise,128.69,6
ORD-000302,2024-10-29,APAC,enterprise,157.29,27
ORD-000303,2024-10-30,AMER,free,273.24,29
ORD-000304,2024-10-31,APAC,pro,822.75,38
ORD-000305,2024-11-01,APAC,enterprise,868.65,9
ORD-000306,2024-11-02,EMEA,pro,583.44,2
ORD-000307,2024-11-03,APAC,enterprise,891.98,2
ORD-000308,2024-11-04,APAC,enterprise,741.15,24
ORD-000309,2024-11-05,EMEA,pro,682.21,30
ORD-000310,2024-11-06,APAC,enterprise,192.98,6
ORD-000311,2024-11-07,EMEA,enterprise,880.66,15
ORD-000312,2024-11-08,APAC,pro,198.45,24
ORD-000313,2024-11-09,AMER,enterprise,803.44,30
ORD-000314,2024-11-10,AMER,pro,341.7,7
ORD-000315,2024-11-11,EMEA,free,291.49,8
ORD-000316,2024-11-12,AMER,enterprise,413.56,27
ORD-000317,2024-11-13,AMER,pro,521.93,11
ORD-000318,2024-11-14,EMEA,enterprise,540.06,35
ORD-000319,2024-11-15,APAC,pro,240.03,21
ORD-000320,2024-11-16,APAC,enterprise,412.72,32
ORD-000321,2024-11-17,AMER,enterprise,202.15,4
ORD-000322,2024-11-18,EMEA,free,324.32,6
ORD-000323,2024-11-19,EMEA,free,458.57,20
ORD-000324,2024-11-20,APAC,enterprise,380.22,5
ORD-000325,2024-11-21,EMEA,enterprise,78.25,14
ORD-000326,2024-11-22,AMER,free,354.71,34
ORD-000327,2024-11-23,AMER,pro,338.09,10
ORD-000328,2024-11-24,AMER,pro,595.81,15
ORD-000329,2024-11-25,EMEA,free,89.36,21
ORD-000330,2024-11-26,EMEA,enterprise,374.66,18
ORD-000331,2024-11-27,APAC,pro,886.41,18
ORD-000332,2024-11-28,EMEA,pro,179.67,30
ORD-000333,2024-11-29,AMER,pro,687.97,9
ORD-000334,2024-11-30,AMER,enterprise,595.56,26
ORD-000335,2024-12-01,AMER,free,187.76,24
ORD-000336,2024-12-02,AMER,pro,488.58,7
ORD-000337,2024-12-03,AMER,pro,357.8,40
ORD-000338,2024-12-04,APAC,free,28.37,28
ORD-000339,2024-12-05,AMER,enterprise,347.17,32
ORD-000340,2024-12-06,EMEA,enterprise,639.8,20
ORD-000341,2024-12-07,EMEA,enterprise,577.57,36
ORD-000342,2024-12-08,APAC,enterprise,333.37,25
ORD-000343,2024-12-09,EMEA,free,526.28,2
ORD-000344,2024-12-10,AMER,enterprise,629.41,21
ORD-000345,2024-12-11,APAC,free,403.05,36
ORD-000346,2024-12-12,AMER,free,450.61,3
ORD-000347,2024-12-13,APAC,free,307.04,1
ORD-000348,2024-12-14,AMER,pro,277.07,9
ORD-000349,2024-12-15,AMER,pro,725.47,40
ORD-000350,2024-12-16,AMER,free,270.86,32
ORD-000351,2024-12-17,AMER,free,661.33,13
ORD-000352,2024-12-18,APAC,pro,321.81,7
ORD-000353,2024-12-19,APAC,pro,825.57,13
ORD-000354,2024-12-20,AMER,free,172.2,19
ORD-000355,2024-12-21,EMEA,pro,681.07,10
ORD-000356,2024-12-22,EMEA,pro,241.52,33
ORD-000357,2024-12-23,APAC,pro,585.31,30
ORD-000358,2024-12-24,APAC,enterprise,617.21,36
ORD-000359,2024-12-25,APAC,pro,599.35,1
ORD-000360,2024-12-26,EMEA,pro,221.9,13
ORD-000361,2024-12-27,APAC,pro,810.41,2
ORD-000362,2024-12-28,AMER,enterprise,291.88,1
ORD-000363,2024-12-29,AMER,pro,140.86,24
ORD-000364,2024-12-30,EMEA,enterprise,343.16,8
ORD-000365,2024-12-31,AMER,free,395.95,6
ORD-000366,2025-01-01,AMER,pro,458.96,24
ORD-000367,2025-01-02,AMER,enterprise,701.24,3
ORD-000368,2025-01-03,APAC,pro,827.83,17
ORD-000369,2025-01-04,AMER,free,438.49,22
ORD-000370,2025-01-05,EMEA,free,799.28,39
ORD-000371,2025-01-06,AMER,free,227.26,16
ORD-000372,2025-01-07,EMEA,free,193.4,34
ORD-000373,2025-01-08,EMEA,free,491.33,32
ORD-000374,2025-01-09,APAC,pro,348.65,4
ORD-000375,2025-01-10,EMEA,enterprise,571.3,28
ORD-000376,2025-01-11,AMER,pro,185.15,22
ORD-000377,2025-01-12,EMEA,free,261.25,8
ORD-000378,2025-01-13,APAC,free,471.55,12
ORD-000379,2025-01-14,AMER,free,474.87,10
ORD-000380,2025-01-15,APAC,free,287.0,38
ORD-000381,2025-01-16,APAC,pro,89.52,31
ORD-000382,2025-01-17,APAC,pro,202.33,23
ORD-000383,2025-01-18,EMEA,pro,804.09,13
ORD-000384,2025-01-19,EMEA,enterprise,462.31,8
ORD-000385,2025-01-20,AMER,pro,701.31,15
ORD-000386,2025-01-21,AMER,free,316.57,10
ORD-000387,2025-01-22,EMEA,free,709.53,21
ORD-000388,2025-01-23,APAC,enterprise,88.8,7
ORD-000389,2025-01-24,AMER,free,281.42,25
ORD-000390,2025-01-25,APAC,pro,257.75,22
ORD-000391,2025-01-26,APAC,enterprise,751.06,13
ORD-000392,2025-01-27,APAC,free,89.68,23
ORD-000393,2025-01-28,AMER,enterprise,394.07,5
ORD-000394,2025-01-29,AMER,free,485.1,3
ORD-000395,2025-01-30,AMER,free,33.9,32
ORD-000396,2025-01-31,APAC,enterprise,601.38,17
ORD-000397,2025-02-01,APAC,free,381.23,37
ORD-000398,2025-02-02,APAC,enterprise,56.19,9
ORD-000399,2025-02-03,APAC,free,671.0,14
ORD-000400,2025-02-04,EMEA,free,44.55,38
ORD-000401,2025-02-05,APAC,free,448.32,24
ORD-000402,2025-02-06,EMEA,pro,388.84,4
ORD-000403,2025-02-07,AMER,free,458.59,38
ORD-000404,2025-02-08,AMER,free,376.58,9
ORD-000405,2025-02-09,APAC,pro,173.96,33
ORD-000406,2025-02-10,APAC,free,463.14,27
ORD-000407,2025-02-11,APAC,pro,94.8,8
ORD-000408,2025-02-12,APAC,enterprise,340.28,7
ORD-000409,2025-02-13,AMER,enterprise,471.1,34
ORD-000410,2025-02-14,EMEA,free,34.6,22
ORD-000411,2025-02-15,EMEA,pro,221.09,4
ORD-000412,2025-02-16,APAC,free,50.48,31
ORD-000413,2025-02-17,APAC,enterprise,633.8,14
ORD-000414,2025-02-18,APAC,pro,680.5,14
ORD-000415,2025-02-19,EMEA,enterprise,619.57,30
ORD-000416,2025-02-20,APAC,free,57.34,36
ORD-000417,2025-02-21,EMEA,pro,880.58,8
ORD-000418,2025-02-22,AMER,free,407.98,8
ORD-000419,2025-02-23,AMER,enterprise,675.99,34
ORD-000420,2025-02-24,AMER,enterprise,514.82,4
ORD-000421,2025-02-25,AMER,pro,538.13,32
ORD-000422,2025-02-26,AMER,pro,523.87,9
ORD-000423,2025-02-27,APAC,pro,572.88,5
ORD-000424,2025-02-28,APAC,free,513.67,24
ORD-000425,2025-03-01,AMER,pro,149.72,17
ORD-000426,2025-03-02,APAC,pro,875.26,6
ORD-000427,2025-03-03,APAC,free,304.56,8
ORD-000428,2025-03-04,APAC,pro,415.03,38
ORD-000429,2025-03-05,EMEA,pro,52.48,37
ORD-000430,2025-03-06,EMEA,free,788.95,19
ORD-000431,2025-03-07,APAC,enterprise,304.97,4
ORD-000432,2025-03-08,EMEA,enterprise,232.14,17
ORD-000433,2025-03-09,AMER,pro,411.01,8
ORD-000434,2025-03-10,EMEA,free,722.47,24
ORD-000435,2025-03-11,EMEA,pro,542.49,30
ORD-000436,2025-03-12,EMEA,free,393.67,14
ORD-000437,2025-03-13,EMEA,enterprise,731.87,38
ORD-000438,2025-03-14,APAC,enterprise,134.72,38
ORD-000439,2025-03-15,EMEA,pro,379.85,33
ORD-000440,2025-03-16,AMER,enterprise,899.56,38
ORD-000441,2025-03-17,EMEA,pro,321.5,37
ORD-000442,2025-03-18,APAC,free,406.85,12
ORD-000443,2025-03-19,AMER,enterprise,475.76,5
ORD-000444,2025-03-20,APAC,enterprise,36.66,17
ORD-000445,2025-03-21,APAC,enterprise,174.17,33
ORD-000446,2025-03-22,APAC,free,414.18,21
ORD-000447,2025-03-23,AMER,free,170.6,20
ORD-000448,2025-03-24,AMER,enterprise,150.98,33
ORD-000449,2025-03-25,APAC,pro,822.7,18
ORD-000450,2025-03-26,APAC,enterprise,157.3,17
ORD-000451,2025-03-27,AMER,pro,207.17,39
ORD-000452,2025-03-28,EMEA,enterprise,189.28,9
ORD-000453,2025-03-29,EMEA,enterprise,312.38,26
ORD-000454,2025-03-30,APAC,pro,770.52,26
ORD-000455,2025-03-31,EMEA,pro,814.8,28
ORD-000456,2025-04-01,AMER,pro,175.15,34
ORD-000457,2025-04-02,APAC,enterprise,202.05,18
ORD-000458,2025-04-03,EMEA,free,799.1,24
ORD-000459,2025-04-04,AMER,pro,471.3,39
ORD-000460,2025-04-05,EMEA,free,175.83,22
ORD-000461,2025-04-06,AMER,enterprise,253.36,28
ORD-000462,2025-04-07,EMEA,free,866.53,6
ORD-000463,2025-04-08,EMEA,free,744.12,36
ORD-000464,2025-04-09,APAC,pro,546.44,19
ORD-000465,2025-04-10,APAC,pro,615.89,4
ORD-000466,2025-04-11,AMER,enterprise,798.73,8
ORD-000467,2025-04-12,AMER,free,40.11,37
ORD-000468,2025-04-13,APAC,enterprise,88.76,38
ORD-000469,2025-04-14,APAC,free,233.08,35
ORD-000470,2025-04-15,APAC,pro,60.46,20
ORD-000471,2025-04-16,APAC,free,369.91,23
ORD-000472,2025-04-17,AMER,pro,644.13,13
ORD-000473,2025-04-18,AMER,enterprise,645.42,21
ORD-000474,2025-04-19,APAC,pro,259.78,6
ORD-000475,2025-04-20,EMEA,free,94.69,25
ORD-000476,2025-04-21,APAC,enterprise,184.3,28
ORD-000477,2025-04-22,APAC,pro,238.02,11
ORD-000478,2025-04-23,AMER,enterprise,474.22,19
ORD-000479,2025-04-24,EMEA,enterprise,789.27,8
ORD-000480,2025-04-25,AMER,free,47.0,24
ORD-000481,2025-04-26,AMER,enterprise,439.19,36
ORD-000482,2025-04-27,AMER,pro,806.74,30
ORD-000483,2025-04-28,EMEA,free,347.69,6
ORD-000484,2025-04-29,EMEA,enterprise,299.83,10
ORD-000485,2025-04-30,EMEA,enterprise,72.81,12
ORD-000486,2025-05-01,EMEA,pro,279.03,7
ORD-000487,2025-05-02,AMER,enterprise,158.96,27
ORD-000488,2025-05-03,AMER,free,497.42,19
ORD-000489,2025-05-04,APAC,free,137.74,11
ORD-000490,2025-05-05,APAC,pro,178.73,20
ORD-000491,2025-05-06,APAC,free,505.25,36
ORD-000492,2025-05-07,EMEA,pro,345.45,6
ORD-000493,2025-05-08,AMER,pro,553.34,30
ORD-000494,2025-05-09,AMER,free,693.44,35
ORD-000495,2025-05-10,AMER,enterprise,523.82,8
ORD-000496,2025-05-11,AMER,pro,556.35,10
ORD-000497,2025-05-12,APAC,pro,780.36,2
ORD-000498,2025-05-13,AMER,free,108.79,27
ORD-000499,2025-05-14,APAC,pro,68.75,18
ORD-000500,2025-05-15,AMER,free,346.97,22
ORD-000501,2025-05-16,AMER,free,833.09,30
ORD-000502,2025-05-17,APAC,enterprise,734.63,22
ORD-000503,2025-05-18,APAC,pro,643.92,7
ORD-000504,2025-05-19,AMER,pro,796.79,23
ORD-000505,2025-05-20,AMER,enterprise,486.96,23
ORD-000506,2025-05-21,AMER,enterprise,539.86,29
ORD-000507,2025-05-22,APAC,free,798.77,20
ORD-000508,2025-05-23,AMER,free,630.54,28
ORD-000509,2025-05-24,EMEA,free,732.79,34
ORD-000510,2025-05-25,APAC,enterprise,826.93,12
ORD-000511,2025-05-26,APAC,enterprise,493.85,9
ORD-000512,2025-05-27,EMEA,free,618.38,29
ORD-000513,2025-05-28,AMER,enterprise,729.9,1
ORD-000514,2025-05-29,EMEA,free,218.34,16
ORD-000515,2025-05-30,EMEA,pro,487.51,10
ORD-000516,2025-05-31,EMEA,enterprise,775.07,37
ORD-000517,2025-06-01,APAC,pro,731.82,1
ORD-000518,2025-06-02,EMEA,enterprise,298.05,36
ORD-000519,2025-06-03,AMER,pro,833.31,3
ORD-000520,2025-06-04,APAC,pro,795.78,40
ORD-000521,2025-06-05,APAC,free,515.21,34
ORD-000522,2025-06-06,APAC,enterprise,26.35,32
ORD-000523,2025-06-07,AMER,enterprise,150.96,22
ORD-000524,2025-06-08,APAC,enterprise,748.78,26
ORD-000525,2025-06-09,APAC,enterprise,894.84,32
ORD-000526,2025-06-10,EMEA,free,432.73,6
ORD-000527,2025-06-11,AMER,pro,303.27,17
ORD-000528,2025-06-12,AMER,pro,589.86,29
ORD-000529,2025-06-13,AMER,enterprise,839.96,38
ORD-000530,2025-06-14,APAC,enterprise,550.42,23
ORD-000531,2025-06-15,APAC,enterprise,211.26,28
ORD-000532,2025-06-16,EMEA,pro,128.83,23
ORD-000533,2025-06-17,AMER,free,497.19,14
ORD-000534,2025-06-18,EMEA,free,231.44,22
ORD-000535,2025-06-19,EMEA,pro,260.83,4
ORD-000536,2025-06-20,EMEA,enterprise,388.3,36
ORD-000537,2025-06-21,APAC,enterprise,660.23,37
ORD-000538,2025-06-22,AMER,enterprise,648.57,31
ORD-000539,2025-06-23,APAC,pro,774.1,26
ORD-000540,2025-06-24,EMEA,free,430.08,40
ORD-000541,2025-06-25,APAC,free,579.96,33
ORD-000542,2025-06-26,EMEA,enterprise,738.17,32
ORD-000543,2025-06-27,EMEA,free,258.59,40
ORD-000544,2025-06-28,AMER,free,309.3,38
ORD-000545,2025-06-29,APAC,pro,360.88,8
ORD-000546,2025-06-30,APAC,pro,819.54,22
ORD-000547,2025-07-01,APAC,free,174.74,2
ORD-000548,2025-07-02,AMER,free,426.32,21
ORD-000549,2025-07-03,EMEA,enterprise,111.42,24
ORD-000550,2025-07-04,EMEA,pro,490.69,22
ORD-000551,2025-07-05,APAC,enterprise,42.48,35
ORD-000552,2025-07-06,APAC,enterprise,513.37,24
ORD-000553,2025-07-07,EMEA,enterprise,509.09,25
ORD-000554,2025-07-08,AMER,pro,821.15,2
ORD-000555,2025-07-09,APAC,pro,41.58,19
ORD-000556,2025-07-10,APAC,free,343.15,38
ORD-000557,2025-07-11,EMEA,free,505.57,34
ORD-000558,2025-07-12,AMER,pro,103.65,22
ORD-000559,2025-07-13,EMEA,enterprise,632.95,23
ORD-000560,2025-07-14,EMEA,free,863.1,30
ORD-000561,2025-07-15,APAC,free,873.42,35
ORD-000562,2025-07-16,APAC,enterprise,319.31,31
ORD-000563,2025-07-17,AMER,pro,379.84,36
ORD-000564,2025-07-18,AMER,free,94.73,2
ORD-000565,2025-07-19,AMER,enterprise,774.22,4
ORD-000566,2025-07-20,EMEA,pro,322.37,27
ORD-000567,2025-07-21,APAC,enterprise,280.39,13
ORD-000568,2025-07-22,EMEA,enterprise,101.3,35
ORD-000569,2025-07-23,EMEA,free,244.81,38
ORD-000570,2025-07-24,AMER,enterprise,173.56,1
ORD-000571,2025-07-25,EMEA,enterprise,764.69,21
ORD-000572,2025-07-26,EMEA,free,399.72,16
ORD-000573,2025-07-27,EMEA,enterprise,113.16,29
ORD-000574,2025-07-28,EMEA,free,582.7,15
ORD-000575,2025-07-29,EMEA,free,216.2,29
ORD-000576,2025-07-30,AMER,free,305.41,21
ORD-000577,2025-07-31,APAC,free,719.8,31
ORD-000578,2025-08-01,AMER,free,305.14,29
ORD-000579,2025-08-02,EMEA,enterprise,109.35,7
ORD-000580,2025-08-03,APAC,enterprise,827.96,7
ORD-000581,2025-08-04,EMEA,enterprise,231.58,24
ORD-000582,2025-08-05,EMEA,free,558.44,27
ORD-000583,2025-08-06,APAC,pro,352.15,9
ORD-000584,2025-08-07,AMER,pro,456.57,30
ORD-000585,2025-08-08,APAC,enterprise,103.81,39
ORD-000586,2025-08-09,AMER,free,309.13,15
ORD-000587,2025-08-10,AMER,enterprise,737.04,16
ORD-000588,2025-08-11,EMEA,pro,627.51,26
ORD-000589,2025-08-12,AMER,pro,404.21,10
ORD-000590,2025-08-13,EMEA,free,324.06,22
ORD-000591,2025-08-14,EMEA,free,289.44,31
ORD-000592,2025-08-15,EMEA,enterprise,426.82,30
ORD-000593,2025-08-16,EMEA,pro,82.77,3
ORD-000594,2025-08-17,AMER,pro,185.37,34
ORD-000595,2025-08-18,AMER,free,198.01,23
ORD-000596,2025-08-19,APAC,pro,864.75,23
ORD-000597,2025-08-20,AMER,enterprise,189.58,17
ORD-000598,2025-08-21,EMEA,free,848.48,21
ORD-000599,2025-08-22,AMER,enterprise,70.97,20
ORD-000600,2024-01-01,EMEA,enterprise,642.4,7
ORD-000601,2024-01-02,EMEA,pro,877.11,27
ORD-000602,2024-01-03,AMER,pro,333.5,2
ORD-000603,2024-01-04,AMER,enterprise,567.86,29
ORD-000604,2024-01-05,EMEA,enterprise,51.03,30
ORD-000605,2024-01-06,APAC,enterprise,255.05,35
ORD-000606,2024-01-07,APAC,free,272.94,23
ORD-000607,2024-01-08,EMEA,free,698.37,5
ORD-000608,2024-01-09,APAC,free,481.35,8
ORD-000609,2024-01-10,AMER,pro,732.28,6
ORD-000610,2024-01-11,EMEA,pro,31.77,6
ORD-000611,2024-01-12,AMER,enterprise,474.2,16
ORD-000612,2024-01-13,APAC,free,125.92,21
ORD-000613,2024-01-14,AMER,free,625.77,34
ORD-000614,2024-01-15,APAC,enterprise,698.6,37
ORD-000615,2024-01-16,AMER,free,888.51,1
ORD-000616,2024-01-17,EMEA,free,680.53,15
ORD-000617,2024-01-18,EMEA,pro,898.08,26
ORD-000618,2024-01-19,EMEA,pro,402.72,9
ORD-000619,2024-01-20,AMER,pro,195.29,20
ORD-000620,2024-01-21,AMER,free,695.13,22
ORD-000621,2024-01-22,APAC,free,675.09,15
ORD-000622,2024-01-23,APAC,free,766.46,25
ORD-000623,2024-01-24,AMER,free,379.15,37
ORD-000624,2024-01-25,APAC,free,100.32,7
ORD-000625,2024-01-26,APAC,enterprise,128.52,4
ORD-000626,2024-01-27,AMER,free,663.6,40
ORD-000627,2024-01-28,EMEA,free,52.34,9
ORD-000628,2024-01-29,AMER,enterprise,220.14,37
ORD-000629,2024-01-30,APAC,pro,230.4,23
ORD-000630,2024-01-31,EMEA,enterprise,781.05,30
ORD-000631,2024-02-01,EMEA,pro,252.48,33
ORD-000632,2024-02-02,APAC,free,773.4,14
ORD-000633,2024-02-03,AMER,free,443.97,37
ORD-000634,2024-02-04,AMER,enterprise,530.3,36
ORD-000635,2024-02-05,APAC,enterprise,20.54,35
ORD-000636,2024-02-06,AMER,free,84.69,15
ORD-000637,2024-02-07,AMER,enterprise,583.38,2
ORD-000638,2024-02-08,EMEA,pro,161.08,35
ORD-000639,2024-02-09,APAC,pro,356.32,14
ORD-000640,2024-02-10,APAC,free,736.69,16
ORD-000641,2024-02-11,APAC,free,384.75,24
ORD-000642,2024-02-12,APAC,pro,149.3,33
ORD-000643,2024-02-13,APAC,enterprise,543.22,1
ORD-000644,2024-02-14,AMER,free,90.61,31
ORD-000645,2024-02-15,APAC,enterprise,200.69,31
ORD-000646,2024-02-16,EMEA,free,849.81,30
ORD-000647,2024-02-17,AMER,free,24.58,12
ORD-000648,2024-02-18,AMER,enterprise,612.7,39
ORD-000649,2024-02-19,AMER,pro,486.81,2
ORD-000650,2024-02-20,EMEA,enterprise,781.05,20
ORD-000651,2024-02-21,EMEA,free,171.21,23
ORD-000652,2024-02-22,EMEA,free,515.95,25
ORD-000653,2024-02-23,APAC,free,248.87,37
ORD-000654,2024-02-24,EMEA,enterprise,386.44,17
ORD-000655,2024-02-25,APAC,pro,108.19,34
ORD-000656,2024-02-26,EMEA,free,139.68,18
ORD-000657,2024-02-27,EMEA,enterprise,602.49,10
ORD-000658,2024-02-28,AMER,enterprise,682.14,14
ORD-000659,2024-02-29,APAC,enterprise,858.42,14
ORD-000660,2024-03-01,EMEA,free,149.32,5
ORD-000661,2024-03-02,APAC,pro,631.01,21
ORD-000662,2024-03-03,AMER,enterprise,97.19,15
ORD-000663,2024-03-04,EMEA,enterprise,837.71,2
ORD-000664,2024-03-05,EMEA,enterprise,102.68,37
ORD-000665,2024-03-06,AMER,free,112.42,24
ORD-000666,2024-03-07,EMEA,enterprise,390.55,22
ORD-000667,2024-03-08,APAC,enterprise,368.13,28
ORD-000668,2024-03-09,AMER,enterprise,897.77,11
ORD-000669,2024-03-10,AMER,enterprise,820.59,3
ORD-000670,2024-03-11,APAC,free,210.46,37
ORD-000671,2024-03-12,APAC,pro,819.47,28
ORD-000672,2024-03-13,APAC,free,667.41,5
ORD-000673,2024-03-14,APAC,pro,383.4,18
ORD-000674,2024-03-15,AMER,pro,890.9,28
ORD-000675,2024-03-16,AMER,pro,644.94,32
ORD-000676,2024-03-17,AMER,free,413.41,23
ORD-000677,2024-03-18,AMER,free,595.1,11
ORD-000678,2024-03-19,AMER,pro,282.87,32
ORD-000679,2024-03-20,APAC,free,82.1,11
ORD-000680,2024-03-21,APAC,pro,873.89,31
ORD-000681,2024-03-22,AMER,pro,486.5,25
ORD-000682,2024-03-23,AMER,free,423.59,36
ORD-000683,2024-03-24,EMEA,pro,267.54,23
ORD-000684,2024-03-25,APAC,pro,673.39,32
ORD-000685,2024-03-26,AMER,free,151.25,14
ORD-000686,2024-03-27,APAC,free,371.5,25
ORD-000687,2024-03-28,EMEA,enterprise,406.51,37
ORD-000688,2024-03-29,AMER,free,584.88,39
ORD-000689,2024-03-30,EMEA,pro,627.26,10
ORD-000690,2024-03-31,AMER,enterprise,516.83,20
ORD-000691,2024-04-01,APAC,pro,585.82,19
ORD-000692,2024-04-02,APAC,enterprise,344.57,18
ORD-000693,2024-04-03,AMER,free,215.93,18
ORD-000694,2024-04-04,EMEA,pro,673.59,36
ORD-000695,2024-04-05,EMEA,free,432.84,5
ORD-000696,2024-04-06,APAC,enterprise,709.09,17
ORD-000697,2024-04-07,EMEA,free,694.16,7
ORD-000698,2024-04-08,APAC,pro,736.49,31
ORD-000699,2024-04-09,EMEA,pro,344.26,10
ORD-000700,2024-04-10,APAC,free,63.83,11
ORD-000701,2024-04-11,AMER,free,524.96,39
ORD-000702,2024-04-12,EMEA,free,442.66,30
ORD-000703,2024-04-13,EMEA,free,369.89,16
ORD-000704,2024-04-14,AMER,enterprise,270.17,7
ORD-000705,2024-04-15,APAC,enterprise,770.36,17
ORD-000706,2024-04-16,AMER,free,822.65,9
ORD-000707,2024-04-17,AMER,enterprise,824.8,30
ORD-000708,2024-04-18,EMEA,pro,28.37,14
ORD-000709,2024-04-19,AMER,enterprise,323.35,19
ORD-000710,2024-04-20,EMEA,pro,886.72,5
ORD-000711,2024-04-21,EMEA,pro,243.86,10
ORD-000712,2024-04-22,APAC,enterprise,788.68,8
ORD-000713,2024-04-23,EMEA,free,465.42,14
ORD-000714,2024-04-24,APAC,free,112.13,30
ORD-000715,2024-04-25,APAC,enterprise,353.36,12
ORD-000716,2024-04-26,EMEA,free,265.94,26
ORD-000717,2024-04-27,EMEA,enterprise,445.17,5
ORD-000718,2024-04-28,EMEA,pro,896.0,11
ORD-000719,2024-04-29,EMEA,enterprise,792.17,15
ORD-000720,2024-04-30,EMEA,free,304.69,5
ORD-000721,2024-05-01,APAC,enterprise,332.22,3
ORD-000722,2024-05-02,AMER,free,494.66,7
ORD-000723,2024-05-03,APAC,enterprise,676.76,21
ORD-000724,2024-05-04,EMEA,pro,628.39,8
ORD-000725,2024-05-05,APAC,free,316.94,16
ORD-000726,2024-05-06,APAC,enterprise,580.18,4
ORD-000727,2024-05-07,APAC,pro,129.46,31
ORD-000728,2024-05-08,EMEA,enterprise,450.29,14
ORD-000729,2024-05-09,EMEA,enterprise,134.11,40
ORD-000730,2024-05-10,EMEA,enterprise,696.07,1
ORD-000731,2024-05-11,EMEA,free,875.99,17
ORD-000732,2024-05-12,AMER,pro,204.29,8
ORD-000733,2024-05-13,EMEA,pro,809.12,36
ORD-000734,2024-05-14,AMER,free,179.63,13
ORD-000735,2024-05-15,AMER,pro,698.49,34
ORD-000736,2024-05-16,EMEA,free,108.79,12
ORD-000737,2024-05-17,AMER,free,89.97,7
ORD-000738,2024-05-18,APAC,pro,664.3,25
ORD-000739,2024-05-19,AMER,pro,334.06,3
ORD-000740,2024-05-20,AMER,free,81.51,29
ORD-000741,2024-05-21,EMEA,pro,616.92,30
ORD-000742,2024-05-22,AMER,pro,888.74,28
ORD-000743,2024-05-23,EMEA,free,532.2,21
ORD-000744,2024-05-24,AMER,pro,31.04,10
ORD-000745,2024-05-25,EMEA,enterprise,249.74,35
ORD-000746,2024-05-26,AMER,pro,742.19,30
ORD-000747,2024-05-27,AMER,free,274.08,17
ORD-000748,2024-05-28,EMEA,enterprise,45.62,15
ORD-000749,2024-05-29,APAC,pro,230.9,22
ORD-000750,2024-05-30,APAC,free,756.41,24
ORD-000751,2024-05-31,EMEA,pro,82.65,40
ORD-000752,2024-06-01,EMEA,free,773.54,20
ORD-000753,2024-06-02,APAC,enterprise,408.46,20
ORD-000754,2024-06-03,EMEA,pro,341.19,6
ORD-000755,2024-06-04,AMER,pro,535.1,7
ORD-000756,2024-06-05,EMEA,free,474.18,3
ORD-000757,2024-06-06,APAC,enterprise,588.87,32
ORD-000758,2024-06-07,APAC,enterprise,637.23,27
ORD-000759,2024-06-08,APAC,free,475.44,19
ORD-000760,2024-06-09,EMEA,pro,67.12,32
ORD-000761,2024-06-10,APAC,free,303.1,13
ORD-000762,2024-06-11,EMEA,enterprise,37.12,36
ORD-000763,2024-06-12,APAC,pro,835.87,11
ORD-000764,2024-06-13,EMEA,pro,46.97,25
ORD-000765,2024-06-14,AMER,free,594.14,33
ORD-000766,2024-06-15,EMEA,free,357.04,34
ORD-000767,2024-06-16,EMEA,enterprise,149.15,23
ORD-000768,2024-06-17,EMEA,enterprise,816.15,35
ORD-000769,2024-06-18,EMEA,free,641.84,6
ORD-000770,2024-06-19,APAC,pro,865.11,27
ORD-000771,2024-06-20,APAC,enterprise,146.61,38
ORD-000772,2024-06-21,AMER,pro,26.57,5
ORD-000773,2024-06-22,AMER,enterprise,407.59,7
ORD-000774,2024-06-23,AMER,enterprise,308.46,22
ORD-000775,2024-06-24,EMEA,pro,645.51,14
ORD-000776,2024-06-25,EMEA,free,86.48,38
ORD-000777,2024-06-26,AMER,pro,843.84,32
ORD-000778,2024-06-27,EMEA,pro,639.6,12
ORD-000779,2024-06-28,AMER,enterprise,813.99,32
ORD-000780,2024-06-29,AMER,pro,244.91,20
ORD-000781,2024-06-30,AMER,free,424.89,18
ORD-000782,2024-07-01,APAC,pro,648.97,15
ORD-000783,2024-07-02,EMEA,free,280.83,24
ORD-000784,2024-07-03,AMER,pro,78.67,18
ORD-000785,2024-07-04,APAC,free,255.07,20
ORD-000786,2024-07-05,EMEA,free,103.57,10
ORD-000787,2024-07-06,APAC,free,899.45,40
ORD-000788,2024-07-07,APAC,pro,724.92,14
ORD-000789,2024-07-08,AMER,enterprise,181.05,31
ORD-000790,2024-07-09,EMEA,enterprise,292.69,8
ORD-000791,2024-07-10,AMER,enterprise,754.76,30
ORD-000792,2024-07-11,APAC,free,357.94,36
ORD-000793,2024-07-12,AMER,free,614.6,25
ORD-000794,2024-07-13,EMEA,pro,896.26,5
ORD-000795,2024-07-14,AMER,pro,159.23,16
ORD-000796,2024-07-15,APAC,pro,728.16,11
ORD-000797,2024-07-16,AMER,enterprise,595.39,19
ORD-000798,2024-07-17,AMER,free,244.0,27
ORD-000799,2024-07-18,APAC,pro,508.4,37
ORD-000800,2024-07-19,AMER,pro,451.07,35
ORD-000801,2024-07-20,AMER,pro,81.43,23
ORD-000802,2024-07-21,EMEA,enterprise,148.71,4
ORD-000803,2024-07-22,APAC,enterprise,247.68,15
ORD-000804,2024-07-23,AMER,free,320.06,40
ORD-000805,2024-07-24,AMER,pro,263.39,33
ORD-000806,2024-07-25,EMEA,free,107.0,19
ORD-000807,2024-07-26,EMEA,enterprise,461.4,30
ORD-000808,2024-07-27,EMEA,pro,859.76,4
ORD-000809,2024-07-28,AMER,enterprise,773.25,5
ORD-000810,2024-07-29,AMER,enterprise,588.6,25
ORD-000811,2024-07-30,APAC,pro,555.48,34
ORD-000812,2024-07-31,APAC,enterprise,307.39,1
ORD-000813,2024-08-01,AMER,enterprise,661.21,38
ORD-000814,2024-08-02,EMEA,pro,86.74,24
ORD-000815,2024-08-03,AMER,pro,897.41,1
ORD-000816,2024-08-04,EMEA,enterprise,578.91,4
ORD-000817,2024-08-05,APAC,enterprise,472.18,34
ORD-000818,2024-08-06,EMEA,free,688.6,24
ORD-000819,2024-08-07,EMEA,pro,650.7,36
ORD-000820,2024-08-08,APAC,enterprise,715.61,36
ORD-000821,2024-08-09,EMEA,pro,80.74,31
ORD-000822,2024-08-10,AMER,free,275.8,35
ORD-000823,2024-08-11,EMEA,free,74.26,21
ORD-000824,2024-08-12,AMER,free,529.06,12
ORD-000825,2024-08-13,APAC,pro,341.53,5
ORD-000826,2024-08-14,AMER,free,574.81,29
ORD-000827,2024-08-15,AMER,pro,740.71,36
ORD-000828,2024-08-16,APAC,enterprise,482.37,31
ORD-000829,2024-08-17,EMEA,free,148.75,33
ORD-000830,2024-08-18,EMEA,pro,400.24,4
ORD-000831,2024-08-19,APAC,free,774.28,3
ORD-000832,2024-08-20,AMER,enterprise,148.53,17
ORD-000833,2024-08-21,AMER,pro,115.52,30
ORD-000834,2024-08-22,APAC,enterprise,388.1,26
ORD-000835,2024-08-23,AMER,pro,73.87,33
ORD-000836,2024-08-24,EMEA,enterprise,136.66,36
ORD-000837,2024-08-25,APAC,free,654.8,3
ORD-000838,2024-08-26,APAC,enterprise,747.94,12
ORD-000839,2024-08-27,APAC,pro,209.02,35
ORD-000840,2024-08-28,AMER,free,267.22,32
ORD-000841,2024-08-29,APAC,enterprise,643.16,19
ORD-000842,2024-08-30,EMEA,pro,533.79,23
ORD-000843,2024-08-31,AMER,enterprise,594.15,28
ORD-000844,2024-09-01,APAC,free,280.3,31
ORD-000845,2024-09-02,EMEA,pro,181.78,12
ORD-000846,2024-09-03,AMER,pro,225.76,15
ORD-000847,2024-09-04,EMEA,free,427.61,38
ORD-000848,2024-09-05,APAC,free,733.1,32
ORD-000849,2024-09-06,APAC,enterprise,693.65,35
ORD-000850,2024-09-07,APAC,enterprise,100.66,24
ORD-000851,2024-09-08,APAC,pro,122.94,5
ORD-000852,2024-09-09,EMEA,pro,701.12,24
ORD-000853,2024-09-10,APAC,pro,893.83,17
ORD-000854,2024-09-11,EMEA,free,779.42,5
ORD-000855,2024-09-12,AMER,enterprise,229.25,24
ORD-000856,2024-09-13,APAC,free,757.6,2
ORD-000857,2024-09-14,EMEA,free,878.81,19
ORD-000858,2024-09-15,AMER,pro,565.26,28
ORD-000859,2024-09-16,EMEA,pro,531.36,36
ORD-000860,2024-09-17,APAC,pro,198.1,18
ORD-000861,2024-09-18,APAC,enterprise,532.26,19
ORD-000862,2024-09-19,AMER,enterprise,263.6,5
ORD-000863,2024-09-20,EMEA,enterprise,157.22,21
ORD-000864,2024-09-21,EMEA,free,157.29,34
ORD-000865,2024-09-22,AMER,free,351.29,33
ORD-000866,2024-09-23,APAC,free,726.19,15
ORD-000867,2024-09-24,EMEA,enterprise,141.72,33
ORD-000868,2024-09-25,EMEA,enterprise,497.59,23
ORD-000869,2024-09-26,EMEA,enterprise,436.22,26
ORD-000870,2024-09-27,AMER,enterprise,52.86,33
ORD-000871,2024-09-28,AMER,free,359.96,38
ORD-000872,2024-09-29,APAC,free,270.27,12
ORD-000873,2024-09-30,AMER,pro,838.49,4
ORD-000874,2024-10-01,AMER,enterprise,196.2,3
ORD-000875,2024-10-02,EMEA,enterprise,774.03,37
ORD-000876,2024-10-03,AMER,free,362.13,11
ORD-000877,2024-10-04,EMEA,enterprise,870.62,8
ORD-000878,2024-10-05,AMER,enterprise,403.65,12
ORD-000879,2024-10-06,EMEA,pro,863.07,32
ORD-000880,2024-10-07,EMEA,free,754.91,31
ORD-000881,2024-10-08,EMEA,free,127.38,5
ORD-000882,2024-10-09,AMER,enterprise,428.18,3
ORD-000883,2024-10-10,AMER,pro,172.85,31
ORD-000884,2024-10-11,AMER,free,646.34,37
ORD-000885,2024-10-12,APAC,pro,621.0,26
ORD-000886,2024-10-13,APAC,enterprise,746.19,36
ORD-000887,2024-10-14,AMER,free,250.15,4
ORD-000888,2024-10-15,EMEA,free,317.62,1
ORD-000889,2024-10-16,AMER,pro,758.99,38
ORD-000890,2024-10-17,APAC,pro,276.6,28
ORD-000891,2024-10-18,AMER,enterprise,566.63,14
ORD-000892,2024-10-19,EMEA,free,231.84,39
ORD-000893,2024-10-20,EMEA,enterprise,761.14,6
ORD-000894,2024-10-21,EMEA,enterprise,218.02,9
ORD-000895,2024-10-22,APAC,enterprise,834.61,39
ORD-000896,2024-10-23,EMEA,enterprise,336.87,33
ORD-000897,2024-10-24,EMEA,enterprise,386.89,12
ORD-000898,2024-10-25,APAC,free,627.2,8
ORD-000899,2024-10-26,AMER,pro,837.17,6
ORD-000900,2024-10-27,AMER,pro,331.03,7
ORD-000901,2024-10-28,AMER,free,483.8,39
ORD-000902,2024-10-29,EMEA,pro,679.29,13
ORD-000903,2024-10-30,APAC,free,775.3,12
ORD-000904,2024-10-31,EMEA,pro,557.41,16
ORD-000905,2024-11-01,APAC,pro,285.9,32
ORD-000906,2024-11-02,APAC,free,389.27,15
ORD-000907,2024-11-03,APAC,pro,641.45,24
ORD-000908,2024-11-04,AMER,enterprise,454.13,1
ORD-000909,2024-11-05,EMEA,pro,273.5,35
ORD-000910,2024-11-06,APAC,free,201.9,5
ORD-000911,2024-11-07,EMEA,free,333.35,6
ORD-000912,2024-11-08,AMER,free,56.95,18
ORD-000913,2024-11-09,AMER,pro,173.42,20
ORD-000914,2024-11-10,EMEA,pro,511.66,39
ORD-000915,2024-11-11,EMEA,free,601.62,1
ORD-000916,2024-11-12,AMER,enterprise,98.07,36
ORD-000917,2024-11-13,APAC,pro,504.02,40
ORD-000918,2024-11-14,EMEA,enterprise,484.96,27
ORD-000919,2024-11-15,EMEA,free,639.29,10
ORD-000920,2024-11-16,EMEA,enterprise,386.88,19
ORD-000921,2024-11-17,APAC,enterprise,512.54,2
ORD-000922,2024-11-18,AMER,pro,80.23,25
ORD-000923,2024-11-19,APAC,pro,86.15,10
ORD-000924,2024-11-20,EMEA,pro,757.75,11
ORD-000925,2024-11-21,EMEA,pro,661.71,24
ORD-000926,2024-11-22,AMER,free,729.25,9
ORD-000927,2024-11-23,EMEA,free,50.75,4
ORD-000928,2024-11-24,EMEA,free,681.9,1
ORD-000929,2024-11-25,AMER,free,207.11,21
ORD-000930,2024-11-26,EMEA,enterprise,434.6,23
ORD-000931,2024-11-27,APAC,enterprise,118.09,33
ORD-000932,2024-11-28,EMEA,free,455.17,5
ORD-000933,2024-11-29,EMEA,enterprise,606.22,11
ORD-000934,2024-11-30,EMEA,free,302.46,15
ORD-000935,2024-12-01,AMER,free,313.93,2
ORD-000936,2024-12-02,APAC,free,695.53,37
ORD-000937,2024-12-03,APAC,free,336.89,19
ORD-000938,2024-12-04,AMER,pro,576.27,16
ORD-000939,2024-12-05,AMER,pro,541.41,38
ORD-000940,2024-12-06,APAC,free,217.92,2
ORD-000941,2024-12-07,EMEA,enterprise,737.21,18
ORD-000942,2024-12-08,AMER,free,309.48,31
ORD-000943,2024-12-09,AMER,pro,511.34,5
ORD-000944,2024-12-10,AMER,free,248.44,38
ORD-000945,2024-12-11,AMER,pro,449.57,11
ORD-000946,2024-12-12,EMEA,pro,807.44,24
ORD-000947,2024-12-13,AMER,free,667.14,18
ORD-000948,2024-12-14,APAC,enterprise,682.82,8
ORD-000949,2024-12-15,AMER,enterprise,865.51,31
ORD-000950,2024-12-16,AMER,pro,467.17,36
ORD-000951,2024-12-17,AMER,pro,83.96,32
ORD-000952,2024-12-18,EMEA,pro,252.4,8
ORD-000953,2024-12-19,APAC,free,81.91,17
ORD-000954,2024-12-20,EMEA,free,725.64,13
ORD-000955,2024-12-21,APAC,pro,813.67,21
ORD-000956,2024-12-22,AMER,free,666.73,26
ORD-000957,2024-12-23,AMER,pro,475.67,35
ORD-000958,2024-12-24,EMEA,pro,456.04,11
ORD-000959,2024-12-25,APAC,enterprise,262.74,5
ORD-000960,2024-12-26,AMER,enterprise,524.37,34
ORD-000961,2024-12-27,EMEA,pro,280.52,28
ORD-000962,2024-12-28,EMEA,pro,431.38,5
ORD-000963,2024-12-29,APAC,pro,420.06,10
ORD-000964,2024-12-30,EMEA,pro,722.96,27
ORD-000965,2024-12-31,EMEA,pro,473.32,28
ORD-000966,2025-01-01,APAC,enterprise,416.31,35
ORD-000967,2025-01-02,APAC,enterprise,29.45,6
ORD-000968,2025-01-03,EMEA,enterprise,252.84,7
ORD-000969,2025-01-04,EMEA,free,512.26,13
ORD-000970,2025-01-05,AMER,enterprise,299.84,34
ORD-000971,2025-01-06,EMEA,enterprise,752.87,6
ORD-000972,2025-01-07,AMER,free,627.77,22
ORD-000973,2025-01-08,EMEA,free,780.41,29
ORD-000974,2025-01-09,AMER,free,138.51,16
ORD-000975,2025-01-10,APAC,free,32.69,3
ORD-000976,2025-01-11,EMEA,pro,607.1,18
ORD-000977,2025-01-12,AMER,free,322.51,21
ORD-000978,2025-01-13,AMER,enterprise,893.03,40
ORD-000979,2025-01-14,AMER,pro,470.31,39
ORD-000980,2025-01-15,APAC,pro,860.69,20
ORD-000981,2025-01-16,AMER,pro,770.81,8
ORD-000982,2025-01-17,EMEA,enterprise,891.47,38
ORD-000983,2025-01-18,AMER,free,273.73,24
ORD-000984,2025-01-19,AMER,pro,612.2,5
ORD-000985,2025-01-20,EMEA,pro,794.62,37
ORD-000986,2025-01-21,AMER,pro,307.02,9
ORD-000987,2025-01-22,AMER,enterprise,622.43,29
ORD-000988,2025-01-23,APAC,pro,261.86,12
ORD-000989,2025-01-24,AMER,free,494.6,2
ORD-000990,2025-01-25,EMEA,free,639.88,2
ORD-000991,2025-01-26,AMER,pro,893.42,20
ORD-000992,2025-01-27,APAC,free,762.67,14
ORD-000993,2025-01-28,AMER,free,548.57,31
ORD-000994,2025-01-29,AMER,enterprise,690.93,8
ORD-000995,2025-01-30,AMER,pro,832.41,9
ORD-000996,2025-01-31,EMEA,enterprise,110.77,39
ORD-000997,2025-02-01,EMEA,enterprise,727.9,16
ORD-000998,2025-02-02,AMER,enterprise,283.86,26
ORD-000999,2025-02-03,EMEA,pro,60.97,24
ORD-001000,2025-02-04,EMEA,free,825.44,3
ORD-001001,2025-02-05,AMER,free,393.2,10
ORD-001002,2025-02-06,AMER,pro,611.72,15
ORD-001003,2025-02-07,APAC,pro,869.55,25
ORD-001004,2025-02-08,AMER,enterprise,628.14,40
ORD-001005,2025-02-09,EMEA,free,315.66,40
ORD-001006,2025-02-10,AMER,free,539.65,32
ORD-001007,2025-02-11,AMER,enterprise,489.13,18
ORD-001008,2025-02-12,EMEA,enterprise,728.71,30
ORD-001009,2025-02-13,EMEA,pro,478.32,10
ORD-001010,2025-02-14,EMEA,enterprise,467.3,38
ORD-001011,2025-02-15,AMER,enterprise,74.13,33
ORD-001012,2025-02-16,AMER,pro,795.42,34
ORD-001013,2025-02-17,EMEA,free,618.43,8
ORD-001014,2025-02-18,AMER,pro,381.08,19
ORD-001015,2025-02-19,APAC,free,452.21,19
ORD-001016,2025-02-20,APAC,free,665.99,24
ORD-001017,2025-02-21,AMER,enterprise,460.44,21
ORD-001018,2025-02-22,EMEA,enterprise,277.36,25
ORD-001019,2025-02-23,AMER,free,727.27,21
ORD-001020,2025-02-24,AMER,free,436.89,39
ORD-001021,2025-02-25,APAC,pro,328.23,30
ORD-001022,2025-02-26,AMER,pro,806.88,33
ORD-001023,2025-02-27,APAC,free,811.38,9
ORD-001024,2025-02-28,EMEA,free,196.55,22
ORD-001025,2025-03-01,EMEA,enterprise,439.03,9
ORD-001026,2025-03-02,AMER,enterprise,599.09,15
ORD-001027,2025-03-03,EMEA,pro,623.57,21
ORD-001028,2025-03-04,APAC,free,751.84,14
ORD-001029,2025-03-05,AMER,pro,811.62,16
ORD-001030,2025-03-06,AMER,pro,148.8,2
ORD-001031,2025-03-07,AMER,free,65.39,19
ORD-001032,2025-03-08,APAC,enterprise,882.98,10
ORD-001033,2025-03-09,AMER,enterprise,587.12,15
ORD-001034,2025-03-10,AMER,enterprise,158.76,16
ORD-001035,2025-03-11,EMEA,free,54.57,36
ORD-001036,2025-03-12,AMER,free,206.76,12
ORD-001037,2025-03-13,EMEA,free,271.45,5
ORD-001038,2025-03-14,EMEA,enterprise,143.65,25
ORD-001039,2025-03-15,AMER,pro,106.79,1
ORD-001040,2025-03-16,AMER,pro,722.63,22
ORD-001041,2025-03-17,AMER,free,53.26,36
ORD-001042,2025-03-18,AMER,free,466.18,13
ORD-001043,2025-03-19,APAC,pro,626.23,8
ORD-001044,2025-03-20,EMEA,free,658.55,3
ORD-001045,2025-03-21,AMER,pro,662.34,11
ORD-001046,2025-03-22,AMER,enterprise,836.16,2
ORD-001047,2025-03-23,EMEA,pro,57.74,24
ORD-001048,2025-03-24,AMER,pro,28.17,37
ORD-001049,2025-03-25,APAC,enterprise,133.68,27
ORD-001050,2025-03-26,AMER,enterprise,473.8,32
ORD-001051,2025-03-27,EMEA,free,501.62,27
ORD-001052,2025-03-28,EMEA,pro,730.32,2
ORD-001053,2025-03-29,EMEA,pro,722.15,14
ORD-001054,2025-03-30,AMER,pro,217.52,33
ORD-001055,2025-03-31,EMEA,free,473.88,7
ORD-001056,2025-04-01,APAC,pro,167.79,39
ORD-001057,2025-04-02,APAC,enterprise,101.53,8
ORD-001058,2025-04-03,EMEA,enterprise,180.83,20
ORD-001059,2025-04-04,AMER,free,684.92,37
ORD-001060,2025-04-05,AMER,enterprise,137.84,10
ORD-001061,2025-04-06,AMER,enterprise,545.74,13
ORD-001062,2025-04-07,EMEA,pro,640.65,39
ORD-001063,2025-04-08,APAC,pro,899.56,20
ORD-001064,2025-04-09,AMER,pro,820.48,6
ORD-001065,2025-04-10,APAC,free,31.66,21
ORD-001066,2025-04-11,AMER,free,268.14,6
ORD-001067,2025-04-12,EMEA,enterprise,540.87,8
ORD-001068,2025-04-13,AMER,enterprise,321.41,14
ORD-001069,2025-04-14,EMEA,free,213.22,27
ORD-001070,2025-04-15,EMEA,enterprise,328.59,36
ORD-001071,2025-04-16,EMEA,pro,395.63,1
ORD-001072,2025-04-17,EMEA,pro,73.6,8
ORD-001073,2025-04-18,EMEA,free,120.71,20
ORD-001074,2025-04-19,AMER,enterprise,304.91,16
ORD-001075,2025-04-20,EMEA,enterprise,117.21,13
ORD-001076,2025-04-21,APAC,free,101.16,31
ORD-001077,2025-04-22,AMER,pro,721.46,4
ORD-001078,2025-04-23,AMER,free,89.01,38
ORD-001079,2025-04-24,AMER,enterprise,865.27,26
ORD-001080,2025-04-25,EMEA,free,494.83,23
ORD-001081,2025-04-26,APAC,enterprise,41.71,30
ORD-001082,2025-04-27,APAC,enterprise,404.25,34
ORD-001083,2025-04-28,AMER,pro,69.08,26
ORD-001084,2025-04-29,EMEA,pro,135.37,7
ORD-001085,2025-04-30,APAC,enterprise,526.46,18
ORD-001086,2025-05-01,APAC,enterprise,30.28,4
ORD-001087,2025-05-02,AMER,enterprise,195.66,40
ORD-001088,2025-05-03,EMEA,free,519.08,12
ORD-001089,2025-05-04,APAC,pro,837.61,8
ORD-001090,2025-05-05,EMEA,free,107.65,23
ORD-001091,2025-05-06,AMER,free,847.99,29
ORD-001092,2025-05-07,EMEA,free,186.07,21
ORD-001093,2025-05-08,APAC,free,28.71,1
ORD-001094,2025-05-09,AMER,pro,553.63,27
ORD-001095,2025-05-10,EMEA,enterprise,326.97,14
ORD-001096,2025-05-11,APAC,free,741.37,29
ORD-001097,2025-05-12,APAC,pro,568.45,15
ORD-001098,2025-05-13,EMEA,enterprise,266.16,12
ORD-001099,2025-05-14,APAC,pro,503.74,31
ORD-001100,2025-05-15,AMER,enterprise,810.22,29
ORD-001101,2025-05-16,APAC,free,24.39,20
ORD-001102,2025-05-17,EMEA,free,373.06,22
ORD-001103,2025-05-18,APAC,pro,667.25,10
ORD-001104,2025-05-19,AMER,pro,389.11,34
ORD-001105,2025-05-20,EMEA,enterprise,758.76,23
ORD-001106,2025-05-21,EMEA,pro,314.41,27
ORD-001107,2025-05-22,AMER,pro,631.64,36
ORD-001108,2025-05-23,EMEA,free,537.46,4
ORD-001109,2025-05-24,EMEA,free,835.75,25
ORD-001110,2025-05-25,AMER,free,771.08,24
ORD-001111,2025-05-26,EMEA,enterprise,246.5,38
ORD-001112,2025-05-27,EMEA,free,580.49,1
ORD-001113,2025-05-28,AMER,enterprise,724.0,7
ORD-001114,2025-05-29,APAC,pro,313.0,23
ORD-001115,2025-05-30,APAC,enterprise,450.75,13
ORD-001116,2025-05-31,APAC,enterprise,764.16,15
ORD-001117,2025-06-01,APAC,pro,338.29,8
ORD-001118,2025-06-02,APAC,free,742.67,32
ORD-001119,2025-06-03,EMEA,pro,580.16,39
ORD-001120,2025-06-04,AMER,pro,509.42,5
ORD-001121,2025-06-05,EMEA,enterprise,682.72,34
ORD-001122,2025-06-06,AMER,free,561.24,3
ORD-001123,2025-06-07,APAC,free,260.34,24
ORD-001124,2025-06-08,EMEA,free,716.21,21
ORD-001125,2025-06-09,APAC,enterprise,837.61,2
ORD-001126,2025-06-10,EMEA,free,292.63,21
ORD-001127,2025-06-11,EMEA,free,613.04,16
ORD-001128,2025-06-12,EMEA,pro,390.75,12
ORD-001129,2025-06-13,EMEA,pro,233.92,37
ORD-001130,2025-06-14,AMER,free,102.72,9
ORD-001131,2025-06-15,EMEA,enterprise,835.02,31
ORD-001132,2025-06-16,EMEA,free,880.68,14
ORD-001133,2025-06-17,AMER,pro,880.21,20
ORD-001134,2025-06-18,AMER,pro,543.58,34
ORD-001135,2025-06-19,EMEA,enterprise,64.38,1
ORD-001136,2025-06-20,EMEA,pro,113.39,40
ORD-001137,2025-06-21,AMER,free,399.71,4
ORD-001138,2025-06-22,AMER,pro,864.1,38
ORD-001139,2025-06-23,AMER,pro,877.46,22
ORD-001140,2025-06-24,APAC,free,261.51,22
ORD-001141,2025-06-25,EMEA,enterprise,832.52,4
ORD-001142,2025-06-26,AMER,enterprise,855.0,39
ORD-001143,2025-06-27,EMEA,enterprise,73.15,23
ORD-001144,2025-06-28,EMEA,free,89.35,19
ORD-001145,2025-06-29,APAC,pro,129.74,36
ORD-001146,2025-06-30,EMEA,pro,416.51,22
ORD-001147,2025-07-01,APAC,enterprise,612.27,36
ORD-001148,2025-07-02,APAC,pro,417.14,28
ORD-001149,2025-07-03,EMEA,pro,315.73,4
ORD-001150,2025-07-04,APAC,pro,695.59,14
ORD-001151,2025-07-05,EMEA,free,173.19,18
ORD-001152,2025-07-06,EMEA,pro,425.14,5
ORD-001153,2025-07-07,AMER,enterprise,302.49,9
ORD-001154,2025-07-08,APAC,free,402.25,18
ORD-001155,2025-07-09,AMER,pro,598.36,10
ORD-001156,2025-07-10,AMER,enterprise,279.01,4
ORD-001157,2025-07-11,AMER,enterprise,651.48,6
ORD-001158,2025-07-12,APAC,pro,35.23,9
ORD-001159,2025-07-13,EMEA,free,507.92,34
ORD-001160,2025-07-14,EMEA,free,872.27,31
ORD-001161,2025-07-15,EMEA,pro,51.83,39
ORD-001162,2025-07-16,EMEA,pro,597.08,33
ORD-001163,2025-07-17,APAC,enterprise,223.3,10
ORD-001164,2025-07-18,AMER,pro,122.46,8
ORD-001165,2025-07-19,APAC,pro,830.3,26
ORD-001166,2025-07-20,EMEA,enterprise,215.17,4
ORD-001167,2025-07-21,APAC,enterprise,660.19,3
ORD-001168,2025-07-22,AMER,pro,523.33,21
ORD-001169,2025-07-23,APAC,pro,619.85,1
ORD-001170,2025-07-24,APAC,free,483.02,31
ORD-001171,2025-07-25,APAC,pro,681.96,26
ORD-001172,2025-07-26,APAC,enterprise,594.03,10
ORD-001173,2025-07-27,APAC,free,462.66,10
ORD-001174,2025-07-28,APAC,free,255.02,37
ORD-001175,2025-07-29,EMEA,pro,882.43,38
ORD-001176,2025-07-30,APAC,pro,45.34,16
ORD-001177,2025-07-31,AMER,pro,849.18,10
ORD-001178,2025-08-01,EMEA,free,446.85,18
ORD-001179,2025-08-02,AMER,pro,625.53,34
ORD-001180,2025-08-03,EMEA,pro,568.02,6
ORD-001181,2025-08-04,APAC,enterprise,641.98,35
ORD-001182,2025-08-05,APAC,pro,329.41,2
ORD-001183,2025-08-06,EMEA,pro,592.09,1
ORD-001184,2025-08-07,APAC,free,412.55,30
ORD-001185,2025-08-08,AMER,pro,893.66,8
ORD-001186,2025-08-09,EMEA,pro,629.15,22
ORD-001187,2025-08-10,EMEA,pro,258.02,40
ORD-001188,2025-08-11,APAC,pro,278.24,37
ORD-001189,2025-08-12,EMEA,pro,538.54,11
ORD-001190,2025-08-13,APAC,free,341.66,25
ORD-001191,2025-08-14,EMEA,enterprise,411.37,19
ORD-001192,2025-08-15,AMER,enterprise,484.72,5
ORD-001193,2025-08-16,AMER,free,36.8,28
ORD-001194,2025-08-17,APAC,pro,137.78,28
ORD-001195,2025-08-18,EMEA,pro,427.51,5
ORD-001196,2025-08-19,APAC,enterprise,586.01,9
ORD-001197,2025-08-20,APAC,enterprise,153.34,2
ORD-001198,2025-08-21,APAC,free,826.49,10
ORD-001199,2025-08-22,AMER,free,690.94,5
